<?xml version="1.0.1" encoding="UTF-8" standalone="yes"?>
<addon id="repository.aaarepo" name="  [COLOR lime][B]AAA [/COLOR][COLOR white]Repository[/B][/COLOR]" version="1.5.0" provider-name="AAARepo">
	<extension point="xbmc.addon.repository" name="  [COLOR lime][B]AAA [/COLOR][COLOR white]Repository[/B][/COLOR]">
		<info compressed="false">http://aaastream.com/repoaddons.php</info>
		<checksum>http://aaastream.com/repochecksum.php</checksum>
		<datadir zip="true">http://aaastream.com/repozips.php</datadir>
	</extension>
	<extension point="xbmc.addon.metadata">
		<summary>Install my Addons</summary>
		<description>Download and install addons from AAA Repo</description>
		<platform>all</platform>
	</extension>
</addon>