<?xml version="1.0" encoding="UTF-8" standalone="yes"?>
<addon id="plugin.audio.televisiontunes" name="Themes" version="0.0.8" provider-name="MetalKettle">
  <requires>
    <import addon="xbmc.python" version="2.1.0"/>
  </requires>
  <extension point="xbmc.python.pluginsource" library="default.py">
        <provides>audio</provides>
  </extension>
  <extension point="xbmc.addon.metadata">
    <summary lang="en">Browse TelevisionTunes.com</summary>
    <description lang="en">Listen to TV Theme music and songs from different television shows</description>
    <platform>all</platform>
  </extension>
</addon>
